{
    "model": "bge-reranker-base",
    "time": "2026-07-22 14:26:14",
    "results": {
        "faiss": {
            "total": 13,
            "recall_1": 0.6923076923076923,
            "recall_3": 1.0,
            "recall_5": 1.0,
            "MRR": 0.8461538461538461
        },
        "bm25": {
            "total": 13,
            "recall_1": 0.6153846153846154,
            "recall_3": 1.0,
            "recall_5": 1.0,
            "MRR": 0.8076923076923077
        },
        "hybrid": {
            "total": 13,
            "recall_1": 0.7692307692307693,
            "recall_3": 1.0,
            "recall_5": 1.0,
            "MRR": 0.8846153846153846
        }
    }
}